,ch_name,english_name,date,info
0,小小兵2：格魯的崛起,Minions: The Rise of Guru,2022-07-01,"今年暑假，影史最賣座的動畫電影系列之一和風靡全球的現象，即將帶來關於一個12歲小男孩的故事，他夢想成為世上最偉大的超級大壞蛋。這部全新動畫喜劇動作片就是《小小兵2：格魯的崛起》。
 
這部電影充滿了照明娛樂招牌的顛覆性和無厘頭喜劇橋段、各種大眾文化的笑梗、感人肺腑的劇情、勁爆的電影配樂，以及宇宙超級無敵誇張的動作場面。《小小兵2：格魯的崛起》一片由這個電影系列的原創掌舵，製片包括照明娛樂極具遠見的創辦人和執行長克里斯梅勒丹德利、他的長期合作夥伴珍娜海莉，以及克里斯雷納德，導演凱爾巴爾達（《神偷奶爸3》、《小小兵》）則再度回歸執導這部電影。共同導演是布萊德艾柏森（長壽喜劇影集《辛普森家庭》）以及強納森戴凡（《寵物當家》系列電影）。"
1,蝙蝠俠,The Batman,2022-03-04,《蝙蝠俠》將聚焦於一個年輕版本的布魯斯韋恩，並從中檢視他在面罩之下的靈魂。羅伯派汀森將在新版《蝙蝠俠》中飾演這位DC超級英雄，電影是由《猩球崛起：終極決戰》導演麥特李維斯（Matt Reeves）所執導。
2,魔比斯,Morbius,2022-01-16,"★索尼與漫威繼《猛毒》後再一野心暗黑爭議之作 
★《蜘蛛人》宇宙正式成立 全新神秘反派 吸血鬼「魔比斯」首推獨立電影
★奧斯卡得主傑瑞德雷托領軍 金球獎影麥可基頓火力加持 再創漫威宇宙高峰
 
在漫威宇宙中最具爭議性且複雜的角色即將在大銀幕與全球觀眾見面！由奧斯卡得主傑瑞德雷托領軍，飾演一位患有罕見疾病的生物化學博士麥可魔比斯；為治療自己的疾病，並試圖挽救其他遭受相同命運的人，他試圖進行一場絕望的豪賭，並大膽在實驗過程中利用吸血蝙蝠的DNA治療。雖說實驗結果在起初看似成功，但最後的結果只是顯示，這一切可能只是帶給他比原有疾病更糟糕的痛苦而已……"
3,捍衛戰士：獨行俠,Top Gun: Maverick,2021-11-19,派拉蒙影業1986年推出的《捍衛戰士》，由湯姆克魯斯主演，是一齣以航空母艦與美國海軍戰鬥機武器學校為背景的勵志動作電影，在當年締造了全球3億5千6百多萬美元的票房成績。睽違33年之後，派拉蒙影業將在2020年6月26日暑假檔期推出美國軍事動作鉅片《捍衛戰士：獨行俠》，是1986年電影《捍衛戰士》的續集，同樣選擇在美國聖地牙哥海軍航空基地拍攝，這次導演是約瑟夫柯金斯基《遺落戰境》，主要演員有湯姆克魯斯(《捍衛戰士》、《不可能的任務》系列)、珍妮佛康納莉《艾莉塔：戰鬥天使》、邁爾斯泰勒《進擊的鼓手》、喬漢姆《貼背戰》、艾德哈里斯《母親！》、格蘭鮑威爾《浴血任務3》、路易斯普曼《勝負反手拍》…等。為了慶祝在聖地牙哥舉行的國際動漫展50週年(Comic-Con 50)，阿湯哥特別於7月19日凌晨獻上《捍衛戰士：獨行俠》前導預告，當音樂一下回憶湧上，經典雷朋太陽眼鏡、G-1飛行夾克、重機 KAWASAKI GPZ900R以及看到阿湯哥二度登上軍事戰機F-14駕駛的帥氣英姿，一幕幕都讓影迷熱血沸騰，尤其當戰機升空馳騁天際執行任務，穿梭在高山間的緊張氣氛令人屏息。
4,魔鬼剋星：未來世,Ghostbusters: Afterlife,2021-11-11,"★抓鬼始祖回歸！《魔鬼剋星 未來世》2020年夏天重磅登場
★《蟻人》保羅路德攜《怪奇物與》天才童星芬恩伍法德再戰經典
★唯一正宗續集《魔鬼剋星 未來世》完美承接系列宏偉世界觀
 
由《型男飛行日誌》金獎編導傑森瑞特曼，聯手《魔鬼剋星》系列幕後推手伊凡瑞特曼，打造全新正宗續集《魔鬼剋星 未來世》。
 
在全新的《魔鬼剋星 未來世》中，電影將圍繞在靠著以《怪奇物語》系列，在全球打開知名度的超級童星芬恩沃夫哈德為首的年輕世代們；一位單身母親帶著他的兩個孩子來到傳說中的神祕小鎮，究竟在《蟻人》保羅路德的帶領之下，他們是否能成功隨著線索，並沿著他們祖父所留下的魔鬼剋星傳奇裝備與車輛，接手這個經典不敗但卻失傳已久的的抓鬼大業呢？"
5,沙丘,Dune,2021-10-14,"《沙丘》講述一個神祕又性格強烈的英雄之心路歷程，本片講述保羅亞崔迪的故事，他是一個聰明又富有天賦的年輕人，肩負超越自己理解的偉大天命，且必須遠行至宇宙中最危險的行星，以確保他家人及族人未來的延續。敵對勢力為搶奪唯有此行星才出產的珍貴資源大打出手，而這也是人類最珍視的資源，一種能解鎖人類偉大潛能的物質，唯有能戰勝自己恐懼的人才能存活。
 
本片主要演員包括曾被奧斯卡提名的提摩西夏勒梅（《以你的名字呼喚我》、《她們》）、蕾貝卡弗格森（《安眠醫生》、《不可能的任務：全面瓦解》）、奧斯卡伊薩克（《星際大戰》系列電影）、曾被奧斯卡提名的喬許布洛林（《自由大道》、《復仇者聯盟：無限之戰》）、史戴倫史柯斯嘉（HBO的《核爆家園》、《復仇者聯盟2：奧創紀元》）、戴夫巴帝斯塔（《星際異攻隊》系列、《復仇者聯盟：終局之戰》）、史蒂芬麥金利亨德森（《心靈圍籬》、《淑女鳥》）、千黛亞（《蜘蛛人：返校日》、HBO的《亢奮》）、大衛達斯馬齊連（《銀翼殺手2049》、《黑暗騎士》）、張震（《龍先生》、《臥虎藏龍》）、莎朗鄧肯布魯斯特（《星際大戰外傳：俠盜一號》、Netflix的《性愛自修室》），以及曾被奧斯卡提名的夏綠蒂蘭普琳（《45年》、《刺客教條》），傑森摩莫亞（《水行俠》、HBO的《權力遊戲》），及奧斯卡得主哈維爾巴登（《險路勿近》、《007：空降危機》）。"
6,007生死交戰,No Time to Die,2021-10-01,"一向被視為年度大片的007系列電影即將推出第25部，丹尼爾克雷格再度飾演所向披靡，家喻戶曉的英國情報員詹姆斯龐德，延續上一集的故事發展，M夫人因公殉職，由雷夫范恩斯飾演新任的軍情六處長官M先生，他也是龐德的頂頭上司，班維蕭則飾演角色討喜幽默的裝備武器專家Q先生，而最令人注目的龐德女郎一角，將由法國女星蕾雅瑟杜再次詮釋，這也是除了第一代龐德女郎尤妮絲蓋森(Eunice Gayson)之外，打破過去007電影57年的慣例，成為史上第二位重複登場的龐德女郎；另一位全新龐德女郎則是曾經演出《銀翼殺手𝟐𝟎𝟒𝟗 》的古巴裔新生代女神安娜德哈瑪斯。此外，今年4月底才正式公布，這一集新的反派角色將由奧斯卡金像獎影帝雷米馬力克主演，他在波希米亞狂想曲的亮眼表現，勢必將為這部片注入全新的戲劇張力。
 
在《007生死交戰》中，情報員詹姆斯龐德退役後，在牙買加享受著平靜的生活。 
 
但當中央情報局的老朋友菲力克斯雷特出現請他協助時，這短暫的平靜也隨之結束。他的任務本是去營救一個被綁架的科學家，卻發現一個神祕的新型態科技犯罪組織，也讓自己身陷危險之中。"
7,猛毒2：血蜘蛛,Venom: Let There Be Carnage,2021-09-16,2018年《猛毒》推出後全球累積票房就突破8.5億，創下該年度全球票房第 7 名的佳績。睽違三年，《猛毒2：血蜘蛛》將由安迪瑟克斯執導，除了湯姆哈迪強勢回歸，上一集《猛毒》片尾彩蛋出現的神祕殺人魔克萊圖斯卡薩迪將在續集中掀起腥風血雨，讓觀眾在大銀幕首次見到「蜘蛛人宇宙」大魔王「血蜘蛛」殘暴真面目！
8,東京復仇者,Tokyo Revengers,2021-09-10,"★日本雙週票房冠軍
★《週刊少年Magazine》的人氣作品
★北村匠海領銜主演，山田裕貴與吉澤亮組成最強雙人組
★SUPER BEAVER 帶來的主題曲「名前を呼ぶよ」
 
原作漫畫由和久井健所著的《東京卍復仇者》，描述無論做什麼事情都不順利的主角「武道」，又住在破舊老公寓裡的他，從電視上得知國中時期的前女友「日向」無端捲入幫派火拼而身亡。某天他在月台等車時居然跌落鐵軌，正他以為自己死定了，回神之後卻發現自己回到 12 年前的國中時期。後來又遇上了日向的弟弟「直人」，告訴他 12 年後發生的事實，要求他要保護姐姐，雙方握手之後他又再次回到現代……。"
9,逃出摩加迪休,Escape From Mogadishu,2021-09-10,"★ 擊退迪士尼強檔《叢林奇航》榮登韓國票房冠軍！締造今年韓片最棒開票紀錄！
★《軍艦島》導演柳昇完 ×《與神同行》導演金容華雙強聯手，將難以想像的真實事件搬上大銀幕
★ 《極限逃生》製作團隊 ×《與神同行》特效公司巨資打造刺激動作電影！
★ 《七罪追緝令》金倫奭 ×《浴血圍城88天》趙寅成首度合作，在戰亂中尋找生機！
★ 耗資200億韓幣打造，全片北非摩洛哥取景拍攝
★ 早在《黑鷹計劃》事件之前，一段宛如《亞果出任務》的絕地逃亡故事
 
在內戰中被孤立的陌生都市．摩加迪休
現在唯一目標就是「活下去」！
 
在南韓為了加入聯合國而東奔西走的時期……1991年，索馬利亞首都．摩加迪休爆發內戰，身在此處無法與外界聯繫的南韓大使館職員和其家人們，每天飽受子彈和炮彈的威脅，為了生存而辛苦撐過每一天。就在某夜，北韓大使館的職員們請求協助，敲了南韓大使館的大門……究竟他們能否突破困境，逃出摩加迪休呢？"
10,密弒遊戲2：勝者危亡,Escape Room: Tournament of Champions,2021-09-03,為了將害人致死的「世界頂尖密室逃脫」主辦方繩之以法，兩位遊戲生存者柔伊（泰勒羅素飾）和班（羅根米勒飾）決定聯手到紐約找出背後兇手。但兩人卻與其他四位陌生人在紐約地鐵上遇到大災難，並意外發現他們不僅捲入更危險致命的密室遊戲，且所有人之前都是「世界頂尖密室逃脫」遊戲的生存者。在不解迷就等死的情況下，這六人將如何協力找生路，避免成為下一批遊戲犧牲者？
11,尚氣與十環傳奇,Shang-Chi and the Legend of the Ten Rings,2021-09-03,漫威電影宇宙再度擴張，全新動作英雄《尚氣與十環傳奇》正式登場，故事敘述尚氣（劉思慕飾演）自幼接受父親文武（梁朝偉飾演）的鐵血戰鬥培訓，精通各種武術招式。長大後為了逃離家鄉，他改名換姓展開新生活，認識了新摯友凱蒂（奧卡菲娜飾演），平靜日子就這樣過了十年，直到過去再度找上門… 尚氣能否會發掘十環的無敵力量，無懼擺脫父親的勢力？
12,疾凍救援,The Ice Road,2021-08-25,"★ 今年暑假超級災難動作強檔！
★《即刻救援》億萬巨星連恩尼遜年度鉅獻！
★ 耗資4000萬美金拍攝、加拿大冰路實地取景，享受冰上狂飆刺激快感 ！
★《世界末日》《空中監獄》《終極警探3》編劇強納森漢斯林執導最新力作！
 
300英哩冰封路 30小時危機倒數 唯一存活機會！
 
在加拿大北部一處偏僻的鑽石礦坑發生重大坍塌意外，一群礦工被埋在坑道內，僅剩30小時的氧氣可以存活。駕駛經驗豐富的巨型卡車駕駛（連恩尼遜飾）、與天才機械師弟弟葛帝(馬克斯湯瑪斯飾)組成緊急救難隊，靠著巨型卡車橫越300英哩結冰湖面構成「冰路」，救出被困住的26名礦工。這群緊急救難隊成員不但要在逐漸融化的「冰路」搏命飆速、還要面對即將來襲的超大風暴，但他們真正的威脅卻是過去從未遇過的恐怖危機...原來礦坑企業公司為了隱藏爆炸意外主因被揭發，雇用大批殺手阻撓救難隊員行進，一場驚天動地的救難行動在冰天雪地中就此展開！"
13,殺手保鑣2,The Hitman's Wife's Bodyguard,2021-08-25,"★ 億萬票房《殺手保鑣》系列續集，暑假必看!
★影史最強三""賤""客，原班人馬霸氣回歸，戰力全開「一生只賤你一人」!
 
萊恩雷諾斯、山繆傑克森雙人合體電影《殺手保鏢》票房大獲成功，萊恩與山繆都相當喜歡這個角色，因此再度與導演簽下續集合約。但有個前提是：續集劇本一定要更賤、爆破要更驚人，導演義無反顧一口答應! 
 
《殺手保鏢2》在2019年5月於克羅埃西亞開拍，故事將延續上一集，為防止獨裁勢力摧毀整個歐洲，嗆辣老婆「索妮亞」出獄後被迫與3A保鑣-麥可聯手執行任務，三人合體的嘴賤攻防怎能不期待!"
14,特種部隊：蛇眼之戰,Snake Eyes,2021-08-18,《特種部隊：蛇眼之戰》一片由亨利高汀領銜主演蛇眼，一個充滿決心毅力的獨行俠，在拯救了一個古老日本忍者家族---嵐影氏族的指定接班人之後，被納入這個家族。他在前往日本之後，嵐影氏族就開始教導蛇眼成為忍者戰士的各種技能，同時也給了一個他從小就一直渴望的東西：一個家。但是當關於他過去的秘密漸漸揭露之後，蛇眼的榮譽感和忠誠度將受到嚴苛的考驗－即便那可能代表他會失去與他最親密的人的信任。《特種部隊：蛇眼之戰》一片演員陣容堅強，包括飾演白幽靈的安德魯光司、飾演男爵夫人的烏蘇拉可貝蘿、飾演史嘉蕾的薩瑪拉威明、飾演亞希子的安部春香、飾演健太的平岳大，以及飾演嵐影宗師的伊科烏艾斯。
15,脫稿玩家,Original title: Free Guy,2021-08-12,《脫稿玩家》 故事描述一個銀行小職員 - 蓋伊 (萊恩雷諾斯) 日復一日年復一年做著無聊的工作，過著樸實無華的生活，直到有一天他突然發現自己是一個暴力電玩中可有可無的配角，他想要突破現狀，但這個動作竟讓整個遊戲大變調，除了要挑戰層層關卡，還要拯救世界，更重要的是否能從C咖一躍成A咖呢？
16,玩命關頭9,Fast & Furious 9,2021-08-11,"馮迪索飾演的唐老大和莉蒂與他的兒子小布萊恩，正在過著與世隔絕的平靜生活，但是他們都知道這種平靜的生活隨時隨地都會受到致命危機的威脅。這次，這個威脅將逼迫唐老大面對他過去犯下的罪孽，如果他想要拯救他最愛的人們。他的團隊將再度攜手合作，槓上他們遇過最高竿的職業刺客和飆速車手，並且阻止他摧毀全世界的邪惡計畫。這個神秘人物也正好是早就被唐老大切斷兄弟關係的親弟弟雅各（約翰希南 飾）。
 
【關於電影】
曾經執導《玩命關頭》第3集、第4集、第5集和第6集的華裔導演林詣彬回歸執導《玩命關頭9》，他讓這個電影系列成為全球大賣的超級動作鉅片。《玩命關頭9》這部全新系列電影中的動作場面橫跨全球，從倫敦到東京，從中美洲到愛丁堡，然後從位於亞塞拜然的秘密地下碉堡，一直到喬治亞共和國首都提比里斯車水馬龍、熙來攘往的街頭。這一路上，老朋友將起死回生，昔日的敵人將再度回歸，歷史將被重新改寫，而且家庭真正的意義也將受到前所未有的考驗。再度回歸參與這部電影演出的堅強卡司包括蜜雪兒羅卓奎茲、泰瑞斯吉布森、路達克里斯、喬丹娜布魯斯特、娜塔莉艾曼紐、姜成鎬，以及奧斯卡影后海倫米蘭與莎莉賽隆。曾經榮獲葛萊美獎肯定的當紅歌手和超級巨星卡蒂B在《玩命關頭9》一片中將飾演全新角色蕾莎，一個和唐老大的過去有關聯的女子，另外，雷鬼動音樂巨星歐蘇納也在這部電影中客串演出。"
17,自殺突擊隊：集結,The Suicide Squad,2021-08-05,"歡迎來到地獄—全美死亡率最高的「美夢監獄」。那裡關押著最兇惡的超級反派，他們為了逃離該處願意付出任何代價，甚至不惜加入超級神祕又黑幕重重的X特遣隊。這次九死一生的任務是什麼呢？首先結集「血腥運動」、「和平使者」、「迴旋鏢隊長」、「捕鼠人2」、「智者」、「鯊魚王」、「黑色守衛」、「標槍」，以及大家最喜歡的精神病患「哈莉奎茵」等一幫罪犯，給他們配上最精良的重裝武器，再把他們扔…請注意真的是用扔的，到與世隔絕又布滿敵軍的柯多瑪堤小島。他們徒步穿越每個角落都藏滿敵對兵力和武裝傭兵的叢林，突擊隊員在瑞克佛萊格上校一人隨行並帶領管束下，執行著搜索及摧毀的任務…
 
阿曼達華勒的政府技工則從耳機裡提點監控，全程緊迫盯人。與往常一樣，他們只要踏錯一步就會屍骨無存（無論是死於敵方的手下、自己隊友的暗算，或是華勒的親自下令）。若真要下注賭個輸贏，明智的選擇絕對是押他們落敗，全軍覆沒。"
18,除暴,Caught In Time,2021-07-30,"★ 超級硬派警匪決戰，6年內犯下破萬件搶案的最強悍匪與刑警強力對決
★ 金獎影帝吳彥祖與王千源突破形象，最暴烈震撼的演出，演技狂飆
★ 火暴殘忍的動作場面，犯案與辦案的燒腦劇情，口碑滿滿，大賣20億台幣
 
90年代，屢破大案的刑警鍾誠（王千源 飾）受命追捕悍匪集團「老鷹幫」。這群悍匪犯下驚天連環劫案，訓練有素且紀律嚴明，手中更有大量槍枝武器，首領張隼（吳彥祖 飾）還屢次惡意挑釁，矛頭直指鍾誠。
 
雙方一次次街頭火拚，警方卻一直無法將老鷹幫捉拿歸案，鍾誠帶領刑警小隊仍咬死不放，更加強訓練對抗悍匪。數年間，警匪上演了多次的緊張刺激的較量，老鷹幫愈加猖獗，警方面臨到巨大時間壓力，但似乎也逐漸掌握到老鷹幫犯案模式，雙方又再次展開殊死對決。"
19,叢林奇航,Jungle Cruise,2021-07-30,"故事描述一位名叫霍頓博士（艾蜜莉布朗 飾演）發現了深藏在亞馬遜裡，有著一顆擁有治癒神力的奇幻之樹，而要取得這棵樹的神力，必須帶著一個被人類收藏的「神奇箭頭」來解開它，霍頓博士決定要深入叢林，來一探這個傳說的究竟，她找來了一個看似可靠，但其實是個只想詐騙遊客的狡猾渡輪船長—法蘭克船長（巨石強森 飾演），她雇用法蘭克載著自己與弟弟（傑克懷特霍爾 飾演）前往叢林展開這場解開神秘傳說之謎的旅程。
 
迪士尼樂園最受歡迎的人氣遊樂設施「叢林奇航」首度改編成電影，將在2020年暑假搬上大銀幕了！這趟神秘的叢林之旅，要帶著大家進入一趟最驚險刺激的旅程，過程中將會遇上許多危險恐怖的生物，以及奇異的超自然現象，新作融合《國家寶藏》般的驚險探險劇情，加上《神鬼奇航》般的冒險旅程！"
20,宇宙特攻隊,Cosmoball,2021-07-22,"★俄羅斯影史最強特效場景
★《馴龍高手》《變形金剛》億萬動畫團隊再造顛峰
★網友狂讚！媲美《艾莉塔：戰鬥天使》
 
2071 年在銀河戰爭之後，月球被毀、行星的兩極消失，莫斯科的人口及氣候變得與巴西接近，各種種族及文化共存於陽光普照的街道上。
 
而在地球的高空上盤旋著一輛巨大的宇宙飛船──這是舉辦「宇宙球」的專屬體育場，「宇宙球」是一種風靡世界的全新足球運動，以極高的速度及驚豔的視覺著稱；但在全世界為它著迷的同時，其實每場球賽的結果都決定著地球的命運，背後不為人知的黑幕也隨著一場接一場的比賽逐漸露出。"
21,黑寡婦,Black Widow,2021-07-14,"漫威影業2020年的首部重頭戲，是粉絲請求多時，終於實現的《黑寡婦》個人電影，黑寡婦在漫威電影宇宙中舉足輕重，10多年來參與了7部電影。現在，娜塔莎羅曼諾夫，也就是大家所熟知的黑寡婦，終於踏上個人的旅程，讓粉絲看到她不為人知的一面。
 
故事時間點設定在《美國隊長 3 : 英雄內戰》之後，娜塔莎因為幫助了美國隊長而踏上流亡之路，當她發現一個與過去有關的陰謀時，她必須全球追蹤，回頭面對她神祕的間諜生涯，同時逃過反派「模仿大師」的追殺。"
22,玩命鈔劫,Wrath of Man,2021-07-13,"★ 《福爾摩斯》《阿拉丁》億萬大導蓋瑞奇最新力作
★ 「地表最帥光頭」傑森史塔森繼《玩命關頭》後最強動作鉅獻
★ 傑森史塔森、蓋瑞奇四度合作，黃金組合激爆大銀幕
★ 耗資15億台幣重金打造，全美由《007》發行商MGM/UA影業超過3000間戲院盛大發行
★ 全美5月7日暑期第一檔重磅上映，台灣搶先全美上映
 
行事作風硬派的神祕男子H（傑森史塔森 飾）任職於運鈔車公司，每周負責於洛杉磯街頭運送上億鉅款。在一場劫案中，H展現的驚人身手震驚了所有同事，眾人紛紛猜測起他究竟是何方神聖。隨著劫案接二連三發生，H成為運鈔車保全的真正動機也逐漸明朗……。"
23,名偵探柯南：緋色的彈丸,Detective Conan the Movie: The Scarlet Bullet,2021-07-13,"★搭上日本奧運熱潮，一場突發事件將破壞世界最大體育祭典！
★真空超導新幹線！速度衝刺與爆破規模創下柯南系列電影新紀錄
★黑暗組織的陰謀、赤井秀一的秘密、FBI的高規格暗地搜查，有史以來最複雜     的案件……
★日本最強音樂才女「椎名林檎」引領東京事變，量身打造主題曲「永遠的不在場證明」
★日本人最後的心靈支柱，翻轉一切厄運，迎來希望與光明
★柯南和反派非常精彩的鬥智鬥勇
 
世界最大的體育盛會「WSG -World Sports Games-」暌違多年將在東京舉辦。日本為盛大舉行開幕儀式，展現日本最尖端技術──世界首創最高時速1000km的「真空超電導新幹線」，在新名古屋站和東京之間開通！
 
在世人目光的注視下，知名大會贊助商匯集的會場中，各大企業老闆光天化日下相繼被綁架。此時，卻發現赤井秀一竟在背地監視，並指揮FBI成員們的行動。同時，柯南想起15年前在美國波士頓發生的驚悚WSG連續綁架事件也是由FBI負責偵查，或許這一場事件，敵人就是自己人，然而各種證據顯示出的不在場證明，難以讓真相水落石出……"
24,那些要我死的人,Those Who Wish Me Dead,2021-05-06,安潔莉娜裘莉飾演的漢娜，是一名空降消防員，因在一場大火中未即時救出三人，使她深受衝擊，這時她遇到一個也深受創傷、陷入困境無處可逃的12歲男孩，漢娜與男孩一起躲避緊追不捨的殺手，以及周圍肆虐的野火。
25,大獵逃,Hunted,2021-04-30,"★年度最殘忍的大逃殺題材！血腥程度宛如現代版《血紅帽》
★馬格利特獎得主 露西德拜Ｘ阿里耶沃索爾特 聯手上演逃亡戲碼
★當浪漫邂逅變成生死搏鬥 戰慄直逼《逃出絕命鎮》
★森林有股神祕力量 想要活命只能靠「牠們」！
★全新驚悚獵奇題材　是男追女還是「男獵女」？
 
夏娃（露西德拜 飾）在酒吧邂逅了一名迷人的男子，原以為是一場浪漫相遇，卻在上了男子的車後有了變故。原來，夏娃是兩名男子不懷好意的目標，上車後即遭綁架至遙遠的森林，為了生存她開始逃亡，究竟夏娃該如何活下去，並借用森林的力量復仇？一場充滿危險的生死搏鬥即將展開！"
26,真‧三國無雙,Dynasty Warriors,2021-04-29,"★20周年紀念作品 
★改編自全球總銷售量超過2100萬的電玩《真‧三國無雙》
★斥資上億台幣 全球粉絲眾所期待 最適合大銀幕的改編
 
二千多年前的中國大陸有一種神秘的力量——無雙，武將擁有它可以一人斬殺千軍萬馬，控制住無雙的人被稱為無雙英雄。東漢末年,政治腐敗,以致民間爆發了黃巾起義，朝廷束手無策，生活窘迫的草民劉備僅帶著馬夫關羽和屠夫張飛就平定了黃巾亂賊，不料卻被貪官陷害，反遭到朝廷士兵追殺。
 
此時董卓趁機入京霸佔朝野，引起新一輪天下動盪，無名小官曹操看不慣朝野上下的懦弱，冒著生命危險，獨自前去刺殺董卓，雖然失敗卻一石激起千層浪，十八路諸侯們紛紛起兵，建立盟軍伐董，曹操也招兵買馬，組建了自己的軍隊參與其中。劉關張雖然只有三人也自願參與會盟，隨即遭到眾諸侯的嘲笑，唯獨曹操欣賞劉備，兩人從不相識到惺惺相惜....關羽斬華雄後，眾諸侯因懼怕天下第一無雙神兵呂布而四散奔逃，只有劉關張曹決意一起面對，一場英雄之間的對決後，屬於三國的時代就此拉開序幕…
 
【關於電影】
 
真·三國無雙系列(日版名:真·三國無雙,英文版名:Dynasty Warriors)是由日本光榮特庫摩(原光榮)旗下Omega Force開發,光榮特庫摩發行的動作砍殺遊戲系列。遊戲系列內容主要是選擇操作以為三國演義中的人物去進行三國時代中的著名戰役，人物設定以趙雲為主人翁，體驗“一夫當關，萬夫莫敵”以及于行伍之中“取敵將首級如探囊取物”的演義情境，但是在系列作品中都是高難度的模式，除玩家外的普通士兵和武將都會大大加強。總體來說難度越高，玩家控制的武將將在戰場上的作用就越小。首作《真·三國無雙》為PlayStation上《三國無雙》改編續作的動作砍殺遊戲，其發售在一定程度上助長了PlayStation2的初期銷量。這次是該遊戲系列第一次正式授權電影公司將之搬上大銀幕。"
27,秘密X戰士 劇場版 大家一起來看電影喔,Phantomirage Movie,2021-04-29,"要將逆反之心老實交代地保護著和平日子！
 
閃亮活耀的幻影甜心們，某日收到超有名的導演黑澤青拍電影邀約！好吧！那麼就如大家所願來拍部幻影無限的電影吧！但卻被逆逆警察的逆反大人所發現，而將在電影拍攝中的導演變成了逆反者！這樣下去就拍不了這部幻影無限的電影了！用大家的應援力量，讓幻影甜心們能完成這部幻影無限的電影吧！"
28,電影版 嬌妻出沒注意,Caution Hazardous Wife The Movie,2021-04-23,"★高收視話題日劇《嬌妻出沒注意》回來啦！
★東瀛女神《海街日記》綾瀨遙！
★型男大叔《昨日的美食》西島秀俊！
★日版《史密斯任務》夫妻相愛相殺！
★間諜老婆 VS 警察老公 為任務斷開所戀！
★史上最強夫妻吵架吵成#國際危機！
 
過去曾擔任過特務的專職主婦─伊佐山菜美（綾瀨遙 飾），以及真實身分為現役公安警察且負責監視菜美的溫柔丈夫─伊佐山勇輝（西島秀俊 飾），兩人隱姓埋名，改名為櫻井久實與裕司，在小小的偏鄉都市珠海市展開新生活。而這其實是由於半年前的某個契機造成菜美喪失記憶所致。
 
「拋下過去，我只想珍惜當下與你共度的生活」
在兩人展開新生活的珠海市，由於新能源「甲烷水合物」開採而逐漸活絡，然而主張守護純淨海洋的反對開發派，以及以市長為首的推進派之間的爭執日漸激化。事實上，公安已經查出新能源開發案背後，潛藏著與俄羅斯勾結的國家級陰謀。
 
「如果那女人不願意協助公安，就把她殺了」
究竟該相信還是該懷疑？要放她走還是抓住她？內心糾結不已的裕司（勇輝）。而當菜美找回原本的記憶，也代表彼此相愛的兩人必須道別。在這之中，被過往宿命及國家追殺的久實（菜美）卻又被捲入更大的事件之中。
 
【關於電影】
 
超人氣話題日劇《嬌妻出沒注意》於2017年播出時創下最高收視率14.5%，最高綜合收視率25.6%的絕佳成績，如今終於眾望所歸推出《電影版 嬌妻出沒注意》！
 
綾瀨遙飾演擁有「前特務」秘密身分的菜鳥主婦，故事交織在嬌妻接連擊敗惡棍的魄力動作場面（沒有使用替身！）與西島秀俊飾演的丈夫之真實身分逐漸浮現（其實是「公安警察」）之中刺激的展開。 
 
而最重要的是對彼此說謊、隱瞞真相，卻仍舊深愛著對方的劇情也成為本片的話題焦點。嚮往自由的妻子以及背負著國家枷鎖的丈夫，為了追求平穩幸福的生活，本應徹底收山的他們，卻由於無法對附近發生的各種事件坐視不管，為了救出受苦受難的人們，而成為了強大可愛又帥氣的新英雄，獲得廣大世代的支持。
 
這次為了拍攝《電影版 嬌妻出沒注意》，也特地找來了最強團隊，原案由《SP特勤型男》系列及《CRISIS危機英雄》金城一紀擔任。執導筒的則是《賭博默示錄》系列及《ST 警視廳科學特搜班 紅白搜查檔案》、《極道鮮師 電影版》等大賣座作品的幕後推手佐藤東彌。
 
由綾瀨遙本人親身上陣演出的精彩打鬥場面，當時即為日劇版帶來許多討論，可說是傳說級日劇，再加上劇中的最強夫妻搭檔，這次無論是故事性或動作場面都將大幅提升規模，化身頂級娛樂饗宴，凱旋登上大銀幕！
 
兼具美麗與強大，強化再升級的最強妻子─綾瀨遙，這次也堅持不使用替身演員、帶來最狂放的演出。優雅美麗的女主角以及前所未見的動作場面，千萬不容錯過！
 
擁有驚人強大力量卻又懷抱著不可告人的秘密，最強夫妻的糾葛與愛情加上極具魄力的動作場面（夫妻吵架），日本影史上前所未見的「最強妻子動作娛樂大片」即將拉開戲幕！
 
這場〝史上最強夫妻吵架〞結果究竟會如何？兩人之間的愛又將何去何從？感動驚人的最高潮將會是…"
29,惡夜殺神,Vanquish,2021-04-21,"★ 《惡魔島》製片團隊最新火爆動作鉅獻
★ 《絕地戰警》系列編劇打造全新女英雄
★ 《捍衛任務》《惡靈古堡：最終章》露比蘿絲再展拳腳功夫
★ PAGE國際電影劇本創作獎最佳劇本
★ 限時一晚、分秒必爭！為救出愛女，她在所不惜！
 
前運毒高手維多莉亞（露比蘿絲 飾）試圖擺脫黑暗的過去，但退休警察局長戴蒙（摩根費里曼 飾）卻綁架她的女兒，藉此要脅維多莉亞在一夜內替他收集完一批巨款。現在，維多莉亞必須靠著手中的槍和特殊技能深入虎穴，掃蕩阻擋在前的暴力幫派份子，才能再見到自己的女兒一面……。"
30,永生戰,Seobok,2021-04-15,"★ 斥資4億台幣打造 年底唯一磅礡動作鉅獻
★ 兩大男神 孔劉X朴寶劍 首度大銀幕同台 帥到沸騰
★ 國民男神孔劉 繼屍速列車再次狂飆 誓死守護他到最後
★ 睽違５年最新電影作品 「永生人」朴寶劍 掌握毀滅世界關鍵
★ 為爭奪人類永生秘密 獵殺行動一觸即發！
 
前情報局特務閔基憲（孔劉 飾），偶然遇見擁有人類不死秘密的「永生人」徐福（朴寶劍 飾），他接下了國家指派的最後一項機密任務，誓死護送徐福到安全之地，途中想佔有永生人的龐大財團與各方惡勢力展開大規模獵殺，讓他們的逃亡過程捲入驚天動地的危險局面......。"
31,真人快打,Mortal Kombat,2021-04-08,在《真人快打》中，綜合格鬥（MMA）選手「科爾楊」被指控收賄故意打輸，他並不知道自己的身世，也不知道為何「外世界（Outworld）」的帝王「尚宗」要派出旗下首席戰士來獵捕他，此戰士「絕對零度」是一名超脫的寒冰法師（Cryomancer）。科爾擔心家人的安危，於是在「賈克斯」的指點下去找「刀鋒索尼婭」。賈克斯是特種部隊的少校，身上有著跟科爾胎記一樣的神龍記號。科爾很快就來到「雷電」的寺廟，雷電是一名古神，負責守衛「地域（Earthrealm）」，他會庇護身上有神龍記號的人。科爾在這裡跟老練戰士「劉康」、「空佬」和強悍傭兵「加納」一起訓練，他準備好跟地球最強的冠軍聯手，為了宇宙展開一場高風險戰役，並肩對抗外世界的敵人。可是，科爾會被激發潛力，解開他內心巨大力量的「奧祕（arcana）」，及時拯救他的家人，並從此阻止外世界？
32,哥吉拉大戰金剛,Godzilla vs. Kong,2021-03-24,兩位神級巨獸展開史詩般的殊死一戰，當傳奇正面對決時，世界的命運危在旦夕。金剛與牠的保護者，踏上危險的旅程，尋找牠真正的家園，同行的還有吉雅，這名年輕的小孤女，與金剛間有著獨特且強大的聯繫。但他們意外地與憤怒的哥吉拉狹路相逢，並在全球引發一片腥風血雨。這起由無形力量所激化的兩個巨獸間的史詩級衝突，僅是深藏地心之謎的冰山一角。
33,太陽不會動,The Sun Stands Still,2021-03-19,"★日本影帝藤原龍也ｘ韓國影后韓孝周 遠赴保加利亞實景拍攝 ★頂尖特務諜對諜！
★《浴血任務3》製作團隊 改編人氣小說 重金跨國拍攝諜戰鉅作
★關鍵倒數24小時 挑戰人性極限與死亡的威脅
 
秘密組織AN集團為了防堵旗下特務出賣公司，於是祭出心臟炸彈手段。一旦超過24小時他們未回報總部任務進度，就會被炸得粉身碎骨。首屈一指的頂尖菁英鷹野一彦（藤原龍也 飾）與火爆新秀田岡亮一（竹内涼真 飾）搭檔，奉命至保加利亞營救被中國財團CNOX監禁的特務山下龍二（市原隼人 飾）。
 
此時距離山下回報任務進度僅剩五分鐘，為救出山下雙方展開一連串激烈打鬥。五、四、三、二、一，嗶—蹦！山下最終未能即時回報，被總部視為「可能」的叛徒進而引爆心臟炸彈。
 
鷹野與田岡兩人繼續山下未完的任務，並查出山下被監禁的原因與能操控全世界的「次世代能源」有關，各國相繼祭出高額賞金獲取情報，國際特務展開一場鬥智鬥勇的情報爭奪戰！
 
正當陷入苦戰之際，埋在鷹野體內的心臟炸彈到數啟動。時間一分一秒的流逝，面對各方陰謀與死亡威脅襲捲而來，他能即時回報任務，看見明天的太陽嗎！？"
34,終極異噬界,Cosmic Sin,2021-03-12,"★《特務交鋒》製作團隊打造年度科幻活屍動作鉅作！
★「最強光頭」布魯斯威利重裝上陣，脫離地表直飛太空！
★《終極警探》布魯斯威利攜手「漫威反派－十字骨」法蘭克葛里洛對抗活屍大軍！
★ 世界末日即將到來，人類能否扭轉未來？
 
世界末日，大開殺戒
惡名昭彰的戰爭英雄福特上校（布魯斯威利飾演），帶領士兵對外星活屍展開攻擊，希望在星際大戰爆發之前，拯救這場地球危機。沒想到友軍卻慘遭俘虜，還成為活屍入侵媒介。就當雙方對峙、戰爭一觸即發之際，唯有挺身而出，才能拯救整個人類文明…。
 
【關於電影】
 
年度科幻活屍動作鉅片
《終極異噬界》由愛德華德雷克（Edward Drake）執導，並由《終極警探》（Die Hard）中的「硬漢警探」布魯斯威利（Bruce Willis），以及《美國隊長》（Captain America）系列反派角色「十字骨」法蘭克葛里洛（Frank Grillo）領銜主演。劇情聚焦未來世界的西元2524年，人類文明透過量子科技迅速發展。在歷經火星殖民失敗之後，只剩下三個星球還隸屬於人類聯盟掌控。這時，其中一個星球卻試圖發起叛變，慘遭「血腥上校」詹姆士福特丟下「Q炸彈」而被摧毀。此後，他也成為全宇宙最惡名昭彰的戰爭英雄。沒想到在人類以為即將引來和平之際，一個外星活屍種族卻默默入侵地球。他們不但擁有比人類更發達的科技，更能像寄生蟲般入侵人體。人類聯盟只好再度找回詹姆士福特，組織一支隊伍前往外星種族基地，試圖在戰爭爆發前先發制人…。
 
導演透露本片拍攝靈感，認為戰爭中沒有勝利者：「本片原文片名《宇宙罪》（Cosmic Sin）表達『消除另一種文化，是不可原諒的罪惡，宇宙永遠也不會原諒它。』不過根據我們在歷史中看到的殖民化實踐，當我們遇到外星文明時，也會發生相同的狀況。」
 
本片選在喬治亞州諾克羅斯的OFS工作室進行拍攝。這個場地曾是巨型光纖工廠，一部分成為拍攝區域，讓它具備多種外觀及感覺。它使電影拍攝能創造出獨特環境，並提高電影佈景的精緻度，像是《復仇者聯盟：終局之戰》（Avengers：Endgame）、《哥吉拉》（Godzilla）、《黑豹》（Black Panther）等好萊塢大片都曾在這邊進行拍攝。
 
本片除了動作巨星布魯斯威利與法蘭克葛里洛之外，也請來美國職業摔角選手拉娜（C.J. Perry）等人共同演出，一同在大銀幕上殲滅活屍異種，大展拳腳功夫。尤其布魯斯威利繼《第五元素》（The Fifth Element）、《世界末日》（Armageddon）兩部叫好叫座的經典科幻電影之後，他將再度飛向太空，並穿上華麗的裝甲服裝，透過精采的槍砲動作場面，奮力對抗活屍大軍，守護人類的最後存亡！全片更精彩打造震撼的視覺特效，輔以精采的緊湊劇情，無疑是年度必看科幻活屍動作鉅片！"
35,噪反,Chaos Walking,2021-03-05,描述距今不遠的「近未來」時空，人類移居至的星球飽受「噪音菌」侵害，女人皆已滅亡，男人則可以相互竊聽彼此內心的聲音。一日，少年陶德（湯姆荷蘭德飾）竟遇見一位從天而降的神秘女孩薇拉，兩人身處危機四伏的人類小鎮，為保衛薇拉的安危只得奔走逃亡，卻也意外發現牽動世界安危的暗黑祕密。
36,名偵探柯南：緋色的不在場證明,DETECTIVE CONAN THE SCARLET ALIBI,2021-02-26,"赤井家族，真實身分被重重謎團籠罩、錯綜複雜的危險一家。
 
以赤井秀一為中心，聚焦於至今為止部分公開的世良純真、羽田秀吉、瑪麗各自的個性與看點，解明其關聯，華麗帶出赤井秀一在來葉山巔成功復活的「緋色」系列。
 
某件案件中，赤井秀一的宿敵安室透向FBI打聽出「線索」，從此緊追赤井秀一與沖矢昴的關係。在無可比擬的腦力交錯攻防戰後，赤井的回歸為所有觀眾帶來了衝擊。而一連串「不在場證明」真相的背後，都有柯南的身影——。
 
徹底剖析「貫穿世界的危險家族」赤井一家至今為止的軌跡與眾多伏筆，以及他們與柯南的關係。"
37,伏魔殿,Temple of Devilbuster,2021-02-26,"★ 台北藝術大學電影創作研究所畢業作品
★ 2020西班牙錫切斯奇幻影展競賽片入圍作品
★ 2020金馬獎 最佳劇情短片入圍作品
★ 2020台北電影獎最佳傑出技術獎–動作設計獎提名
★ 2020台北電影獎最佳造型設計獎提名
★ 2020大阪亞洲電影節上映作品
★ 2020桃園電影節台灣獎競賽入圍作品
 
太保不想當伏魔娘娘的乩身，逃出了伏魔殿；太保不想當仙仔的替死鬼，逃出了地檢署。但太保逃得再快，也快不過阿輕的劍。同為魔君轉世的阿輕將太保帶回伏魔殿繼續贖罪，卻終於發現伏魔娘娘只是在利用她們──伏魔殿的作用就是將世人的罪都轉嫁到她們身上。阿輕幫助太保殺出伏魔殿，卻沒想到太保在最後關頭背叛她，將所有的罪都留給阿輕，獨自逃亡。 而太保始終不明白，自己滾滾落下的眼淚所為何來。"
38,末日終結戰,Skylin3s,2021-02-26,"★ 《決戰中途島》《失控危城》製片團隊重金打造科幻史詩最終章
★ 《毀滅大作戰》《金牌特務：機密對決》特效團隊加持
★ 十年前，外星異種入侵地球；現在，人類誓死反攻！
 
人類與外星異種歷經多年衝突，如今雙方已能和平共存。然而，地球上的友善外星混種，卻在感染一種神祕病毒後性情大變，再度威脅人類的安危。蘿絲柯里上尉臨危受命，率領一支菁英傭兵前往外星世界，只為拯救僅存的人類……。"
39,刺殺小說家,A Writer's Odyssey,2021-02-26,"★ 華文世界電影小說獎首獎得主雙雪濤同名短篇小說改編
★ 《繡春刀》系列億萬大導路陽最新動作奇幻鉅作
★ 《我不是藥神》金獎製片、名導寧浩監製
★《流浪地球》特效團隊採用《阿凡達》《猩球崛起》動作捕捉、虛擬拍攝技術，打造華麗炫目奇觀異世界
 
異世界皇都，天神赤髮鬼殘暴統治，濫殺無辜。少年空文因被赤髮鬼追殺，決定奮起反擊。在黑甲的指引下，踏上了凡人弒神之路，這是小說家路空文筆下的奇幻世界。沒想到小說的進展，竟然也影響著現實世界，這時一名男子接下了刺殺他的任務……"
